{
  "32": [
    236,
    0.14984126984126983
  ],
  "15": [
    156,
    0.09904761904761905
  ],
  "19": [
    151,
    0.09587301587301587
  ],
  "17": [
    140,
    0.08888888888888889
  ],
  "14": [
    132,
    0.0838095238095238
  ],
  "18": [
    128,
    0.08126984126984127
  ],
  "16": [
    126,
    0.08
  ],
  "31": [
    105,
    0.06666666666666667
  ],
  "13": [
    72,
    0.045714285714285714
  ],
  "20": [
    56,
    0.035555555555555556
  ],
  "12": [
    53,
    0.03365079365079365
  ],
  "30": [
    43,
    0.027301587301587302
  ],
  "21": [
    41,
    0.02603174603174603
  ],
  "11": [
    24,
    0.015238095238095238
  ],
  "29": [
    24,
    0.015238095238095238
  ],
  "10": [
    21,
    0.013333333333333334
  ],
  "22": [
    14,
    0.008888888888888889
  ],
  "23": [
    11,
    0.006984126984126984
  ],
  "9": [
    9,
    0.005714285714285714
  ],
  "24": [
    6,
    0.0038095238095238095
  ],
  "25": [
    6,
    0.0038095238095238095
  ],
  "28": [
    6,
    0.0038095238095238095
  ],
  "27": [
    5,
    0.0031746031746031746
  ],
  "26": [
    4,
    0.0025396825396825397
  ],
  "6": [
    4,
    0.0025396825396825397
  ],
  "5": [
    2,
    0.0012698412698412698
  ]
}