{
  "32": [
    1611,
    0.6562118126272912
  ],
  "15": [
    87,
    0.03543788187372709
  ],
  "18": [
    79,
    0.03217922606924643
  ],
  "17": [
    75,
    0.03054989816700611
  ],
  "16": [
    72,
    0.029327902240325866
  ],
  "14": [
    63,
    0.025661914460285134
  ],
  "19": [
    63,
    0.025661914460285134
  ],
  "13": [
    59,
    0.024032586558044806
  ],
  "20": [
    55,
    0.02240325865580448
  ],
  "12": [
    41,
    0.01670061099796334
  ],
  "11": [
    33,
    0.013441955193482688
  ],
  "31": [
    30,
    0.012219959266802444
  ],
  "9": [
    23,
    0.009368635437881873
  ],
  "22": [
    22,
    0.008961303462321792
  ],
  "23": [
    21,
    0.008553971486761711
  ],
  "10": [
    19,
    0.007739307535641548
  ],
  "21": [
    14,
    0.005702647657841141
  ],
  "8": [
    13,
    0.005295315682281059
  ],
  "5": [
    13,
    0.005295315682281059
  ],
  "7": [
    10,
    0.004073319755600814
  ],
  "4": [
    10,
    0.004073319755600814
  ],
  "6": [
    9,
    0.0036659877800407333
  ],
  "1": [
    8,
    0.003258655804480652
  ],
  "3": [
    7,
    0.0028513238289205704
  ],
  "24": [
    7,
    0.0028513238289205704
  ],
  "2": [
    5,
    0.002036659877800407
  ],
  "27": [
    2,
    0.000814663951120163
  ],
  "30": [
    2,
    0.000814663951120163
  ],
  "26": [
    1,
    0.0004073319755600815
  ],
  "25": [
    1,
    0.0004073319755600815
  ]
}