{
  "32": [
    315,
    0.16112531969309463
  ],
  "16": [
    197,
    0.10076726342710997
  ],
  "15": [
    185,
    0.09462915601023018
  ],
  "17": [
    169,
    0.08644501278772379
  ],
  "18": [
    156,
    0.07979539641943734
  ],
  "31": [
    131,
    0.0670076726342711
  ],
  "14": [
    130,
    0.06649616368286446
  ],
  "19": [
    127,
    0.0649616368286445
  ],
  "13": [
    108,
    0.05524296675191816
  ],
  "12": [
    77,
    0.03938618925831202
  ],
  "20": [
    65,
    0.03324808184143223
  ],
  "21": [
    57,
    0.029156010230179028
  ],
  "11": [
    53,
    0.02710997442455243
  ],
  "10": [
    39,
    0.019948849104859334
  ],
  "22": [
    32,
    0.016368286445012786
  ],
  "30": [
    21,
    0.010741687979539642
  ],
  "9": [
    19,
    0.009718670076726343
  ],
  "23": [
    15,
    0.0076726342710997444
  ],
  "29": [
    12,
    0.006138107416879796
  ],
  "8": [
    10,
    0.005115089514066497
  ],
  "7": [
    6,
    0.003069053708439898
  ],
  "6": [
    6,
    0.003069053708439898
  ],
  "26": [
    5,
    0.0025575447570332483
  ],
  "1": [
    5,
    0.0025575447570332483
  ],
  "28": [
    3,
    0.001534526854219949
  ],
  "4": [
    3,
    0.001534526854219949
  ],
  "5": [
    3,
    0.001534526854219949
  ],
  "24": [
    3,
    0.001534526854219949
  ],
  "34": [
    1,
    0.0005115089514066496
  ],
  "2": [
    1,
    0.0005115089514066496
  ],
  "25": [
    1,
    0.0005115089514066496
  ]
}