{
    "1": {"RANDOM": 1},
    "2": {
        "FF": {"0": 0.19378427787934185, "3": 0.08592321755027423, "5": 0.5868372943327239, "8": 0.13345521023765997},
        "PF": {
            "0": {"(0, 2)": 0.22641509433962265, "(0, 4)": 0.2830188679245283, "(0, 8)": 0.2641509433962264, "(0, 1)": 0.22641509433962265, "RANDOM": 0, "MAX": 0},
            "3": {"(0, 16)": 0.1702127659574468, "(0, 32)": 0.44680851063829785, "(0, 64)": 0.3617021276595745, "RANDOM": 0.02127659574468077, "MAX": "128"},
            "5": {
                "(0, 32)": 0.07165109034267912,
                "(0, 16)": 0.09968847352024922,
                "(0, 2)": 0.07476635514018691,
                "(0, 1)": 0.09968847352024922,
                "(0, 8)": 0.12461059190031153,
                "(0, 4)": 0.0778816199376947,
                "RANDOM": 0.45171339563862933,
                "MAX": "256"
            },
            "8": {"(0, 256)": 0.410958904109589, "(0, 128)": 0.2465753424657534, "(0, 64)": 0.1095890410958904, "(0, 32)": 0.1232876712328767, "RANDOM": 0.1095890410958904, "MAX": "79698"}
        }
    },
    "3": {
        "FF": {"5": 1},
        "PF": {
            "5": {
                "(0, 22, 196)": 0.07407407407407407,
                "(0, 68, 242)": 0.07407407407407407,
                "(0, 24, 198)": 0.07407407407407407,
                "(0, 50, 224)": 0.07407407407407407,
                "(0, 60, 234)": 0.07407407407407407,
                "(0, 26, 200)": 0.07407407407407407,
                "RANDOM": 0.5555555555555556,
                "MAX": "241"
            }
        }
    }
}