{
  "16": [
    777,
    0.2685793294158313
  ],
  "10": [
    229,
    0.07915658486000691
  ],
  "9": [
    198,
    0.06844106463878327
  ],
  "11": [
    185,
    0.06394745938472174
  ],
  "8": [
    174,
    0.06014517801590045
  ],
  "12": [
    172,
    0.05945385413066021
  ],
  "13": [
    160,
    0.055305910819218804
  ],
  "14": [
    159,
    0.054960248876598686
  ],
  "7": [
    138,
    0.047701348081576216
  ],
  "15": [
    134,
    0.04631870031109575
  ],
  "64": [
    127,
    0.043899066712754925
  ],
  "48": [
    116,
    0.040096785343933634
  ],
  "6": [
    101,
    0.03491185620463187
  ],
  "5": [
    65,
    0.02246802627030764
  ],
  "4": [
    26,
    0.008987210508123056
  ],
  "32": [
    24,
    0.00829588662288282
  ],
  "1": [
    23,
    0.007950224680262703
  ],
  "2": [
    21,
    0.007258900795022468
  ],
  "3": [
    17,
    0.005876253024541998
  ],
  "19": [
    6,
    0.002073971655720705
  ],
  "20": [
    5,
    0.0017283097131005876
  ],
  "49": [
    5,
    0.0017283097131005876
  ],
  "21": [
    3,
    0.0010369858278603526
  ],
  "24": [
    3,
    0.0010369858278603526
  ],
  "63": [
    3,
    0.0010369858278603526
  ],
  "47": [
    2,
    0.000691323885240235
  ],
  "38": [
    2,
    0.000691323885240235
  ],
  "41": [
    2,
    0.000691323885240235
  ],
  "18": [
    2,
    0.000691323885240235
  ],
  "51": [
    2,
    0.000691323885240235
  ],
  "22": [
    2,
    0.000691323885240235
  ],
  "28": [
    2,
    0.000691323885240235
  ],
  "27": [
    2,
    0.000691323885240235
  ],
  "57": [
    1,
    0.0003456619426201175
  ],
  "23": [
    1,
    0.0003456619426201175
  ],
  "36": [
    1,
    0.0003456619426201175
  ],
  "29": [
    1,
    0.0003456619426201175
  ],
  "37": [
    1,
    0.0003456619426201175
  ],
  "35": [
    1,
    0.0003456619426201175
  ]
}