{
  "32": [
    1709,
    0.9227861771058316
  ],
  "31": [
    82,
    0.04427645788336933
  ],
  "23": [
    19,
    0.010259179265658747
  ],
  "25": [
    7,
    0.003779697624190065
  ],
  "3": [
    5,
    0.0026997840172786176
  ],
  "24": [
    4,
    0.0021598272138228943
  ],
  "30": [
    4,
    0.0021598272138228943
  ],
  "1": [
    4,
    0.0021598272138228943
  ],
  "22": [
    3,
    0.0016198704103671706
  ],
  "16": [
    3,
    0.0016198704103671706
  ],
  "4": [
    2,
    0.0010799136069114472
  ],
  "29": [
    2,
    0.0010799136069114472
  ],
  "11": [
    1,
    0.0005399568034557236
  ],
  "20": [
    1,
    0.0005399568034557236
  ],
  "2": [
    1,
    0.0005399568034557236
  ],
  "21": [
    1,
    0.0005399568034557236
  ],
  "17": [
    1,
    0.0005399568034557236
  ],
  "26": [
    1,
    0.0005399568034557236
  ],
  "28": [
    1,
    0.0005399568034557236
  ],
  "14": [
    1,
    0.0005399568034557236
  ]
}