{"2": [670, "0.15070"], "1": [3775, "0.84908"], "4": [1, "0.00022"]}