{
    "1": [
        12918,
        "0.37568"
    ],
    "10": [
        720,
        "0.02094"
    ],
    "11": [
        802,
        "0.02332"
    ],
    "12": [
        939,
        "0.02731"
    ],
    "13": [
        1214,
        "0.03531"
    ],
    "14": [
        1486,
        "0.04322"
    ],
    "15": [
        2100,
        "0.06107"
    ],
    "16": [
        3316,
        "0.09643"
    ],
    "17": [
        81,
        "0.00236"
    ],
    "18": [
        47,
        "0.00137"
    ],
    "19": [
        42,
        "0.00122"
    ],
    "2": [
        519,
        "0.01509"
    ],
    "20": [
        42,
        "0.00122"
    ],
    "21": [
        64,
        "0.00186"
    ],
    "22": [
        75,
        "0.00218"
    ],
    "23": [
        108,
        "0.00314"
    ],
    "24": [
        247,
        "0.00718"
    ],
    "25": [
        63,
        "0.00183"
    ],
    "26": [
        83,
        "0.00241"
    ],
    "27": [
        137,
        "0.00398"
    ],
    "28": [
        214,
        "0.00622"
    ],
    "29": [
        481,
        "0.01399"
    ],
    "3": [
        419,
        "0.01219"
    ],
    "30": [
        1300,
        "0.03781"
    ],
    "31": [
        2882,
        "0.08381"
    ],
    "32": [
        113,
        "0.00329"
    ],
    "4": [
        495,
        "0.01440"
    ],
    "40": [
        1,
        "0.00003"
    ],
    "43": [
        1,
        "0.00003"
    ],
    "44": [
        1,
        "0.00003"
    ],
    "45": [
        1,
        "0.00003"
    ],
    "46": [
        5,
        "0.00015"
    ],
    "5": [
        484,
        "0.01408"
    ],
    "6": [
        585,
        "0.01701"
    ],
    "7": [
        616,
        "0.01791"
    ],
    "8": [
        675,
        "0.01963"
    ],
    "9": [
        1110,
        "0.03228"
    ]
}