{
  "1": [
    2905,
    0.757496740547588
  ],
  "2": [
    1,
    0.0002607561929595828
  ],
  "3": [
    38,
    0.009908735332464147
  ],
  "4": [
    128,
    0.033376792698826596
  ],
  "5": [
    1,
    0.0002607561929595828
  ],
  "6": [
    8,
    0.0020860495436766623
  ],
  "7": [
    393,
    0.10247718383311603
  ],
  "8": [
    50,
    0.01303780964797914
  ],
  "15": [
    6,
    0.0015645371577574967
  ],
  "16": [
    244,
    0.06362451108213821
  ],
  "26": [
    1,
    0.0002607561929595828
  ],
  "37": [
    1,
    0.0002607561929595828
  ],
  "40": [
    1,
    0.0002607561929595828
  ],
  "41": [
    1,
    0.0002607561929595828
  ],
  "42": [
    2,
    0.0005215123859191656
  ],
  "45": [
    2,
    0.0005215123859191656
  ],
  "59": [
    2,
    0.0005215123859191656
  ],
  "60": [
    13,
    0.003389830508474576
  ],
  "61": [
    5,
    0.001303780964797914
  ],
  "62": [
    3,
    0.0007822685788787483
  ],
  "63": [
    10,
    0.002607561929595828
  ],
  "64": [
    19,
    0.004954367666232073
  ],
  "79": [
    1,
    0.0002607561929595828
  ]
}