{
  "1": {
    "RANDOM": 1.0
  },
  "2": {
    "FF": {
      "4": 1.0
    },
    "PF": {
      "4": {
        "(0, 2)": 1.0,
        "MAX": [
          2
        ],
        "RANDOM": 0.0
      }
    }
  },
  "3": {
    "FF": {
      "1009": 0.10526315789473684,
      "4": 0.8947368421052632
    },
    "PF": {
      "1009": {
        "((0, (0, 1, 2)),)": 1.0,
        "MAX": [
          0,
          2
        ],
        "RANDOM": 0.0
      },
      "4": {
        "(0, 1, 2)": 1.0,
        "MAX": [
          2
        ],
        "RANDOM": 0.0
      }
    }
  },
  "4": {
    "FF": {
      "4": 0.96875,
      "0": 0.03125
    },
    "PF": {
      "4": {
        "(0, 1, 2, 3)": 1.0,
        "MAX": [
          3
        ],
        "RANDOM": 0.0
      },
      "0": {
        "(0, 1, 2, 3)": 1.0,
        "MAX": [
          3
        ],
        "RANDOM": 0.0
      }
    }
  },
  "5": {
    "FF": {
      "3": 1.0
    },
    "PF": {
      "3": {
        "((0, (0, 1, 2, 3, 32)),)": 1.0,
        "MAX": [],
        "RANDOM": 0.0
      }
    }
  },
  "6": {
    "FF": {
      "3": 0.5,
      "4": 0.5
    },
    "PF": {
      "3": {
        "((0, (0, 1, 2, 32, 33, 34)),)": 1.0,
        "MAX": [],
        "RANDOM": 0.0
      },
      "4": {
        "(0, 1, 2, 3, 4, 6)": 0.75,
        "(0, 1, 3, 4, 5, 6)": 0.25,
        "MAX": [
          6
        ],
        "RANDOM": 0.0
      }
    }
  },
  "7": {
    "FF": {
      "3": 0.035623409669211195,
      "0": 0.007633587786259542,
      "4": 0.9567430025445293
    },
    "PF": {
      "3": {
        "((0, (0, 1, 2, 32, 33, 34, 35)),)": 0.07142857142857142,
        "((0, (0, 1, 2, 3, 32, 33, 34)),)": 0.2857142857142857,
        "((0, (0, 1, 2, 3, 33, 34, 35)),)": 0.2857142857142857,
        "((0, (0, 1, 2, 31, 32, 33, 34)),)": 0.14285714285714285,
        "((0, (0, 1, 2, 3, 32, 34, 35)),)": 0.07142857142857142,
        "((0, (0, 1, 3, 32, 33, 34, 35)),)": 0.14285714285714285,
        "MAX": [],
        "RANDOM": 0.0
      },
      "0": {
        "(0, 1, 2, 3, 32, 33, 34)": 0.6666666666666666,
        "(0, 1, 2, 31, 32, 33, 34)": 0.3333333333333333,
        "MAX": [
          34
        ],
        "RANDOM": 0.0
      },
      "4": {
        "(0, 1, 2, 3, 4, 5, 6)": 1.0,
        "MAX": [
          6
        ],
        "RANDOM": 0.0
      }
    }
  },
  "8": {
    "FF": {
      "0": 0.44,
      "3": 0.56
    },
    "PF": {
      "0": {
        "(0, 1, 2, 3, 32, 33, 34, 35)": 1.0,
        "MAX": [
          35
        ],
        "RANDOM": 0.0
      },
      "3": {
        "((0, (0, 1, 2, 3, 32, 33, 34, 35)),)": 1.0,
        "MAX": [],
        "RANDOM": 0.0
      }
    }
  },
  "15": {
    "FF": {
      "4": 1.0
    },
    "PF": {
      "4": {
        "(0, 1, 2, 3, 4, 5, 6, 8, 9, 10, 11, 12, 13, 14, 15)": 0.16666666666666666,
        "(0, 1, 2, 3, 4, 5, 6, 7, 8, 9, 10, 11, 13, 14, 15)": 0.16666666666666666,
        "(0, 1, 2, 3, 4, 5, 6, 7, 8, 9, 10, 11, 12, 13, 15)": 0.16666666666666666,
        "(0, 1, 2, 3, 4, 5, 6, 7, 8, 9, 11, 12, 13, 14, 15)": 0.16666666666666666,
        "(0, 1, 2, 3, 4, 6, 7, 8, 9, 10, 11, 12, 13, 14, 15)": 0.16666666666666666,
        "(0, 1, 3, 4, 5, 6, 7, 8, 9, 10, 11, 12, 13, 14, 15)": 0.16666666666666666,
        "MAX": [
          15
        ],
        "RANDOM": 0.0
      }
    }
  },
  "16": {
    "FF": {
      "4": 1.0
    },
    "PF": {
      "4": {
        "(0, 1, 2, 3, 4, 5, 6, 7, 8, 9, 10, 11, 12, 13, 14, 15)": 1.0,
        "MAX": [
          15
        ],
        "RANDOM": 0.0
      }
    }
  },
  "26": {
    "FF": {
      "1004": 1.0
    },
    "PF": {
      "1004": {
        "(32, (0, 1, 3, 4, 5, 6, 7, 8, 9, 10, 11, 12, 13, 14, 16, 17, 18, 19, 20, 21, 22, 23, 24, 25, 26, 27))": 1.0,
        "MAX": [],
        "RANDOM": 0.0
      }
    }
  },
  "37": {
    "FF": {
      "1004": 1.0
    },
    "PF": {
      "1004": {
        "(64, (0, 2, 3, 4, 5, 6, 7, 8, 9, 10, 11, 12, 13, 15, 16, 17, 18, 19, 20, 21, 22, 23, 24, 25, 26, 28, 29, 30, 31, 32, 33, 34, 35, 36, 37, 38, 39))": 1.0,
        "MAX": [],
        "RANDOM": 0.0
      }
    }
  },
  "40": {
    "FF": {
      "1004": 1.0
    },
    "PF": {
      "1004": {
        "(64, (0, 1, 2, 3, 4, 5, 6, 7, 8, 9, 10, 11, 12, 13, 14, 15, 16, 17, 18, 19, 20, 21, 22, 23, 24, 25, 26, 27, 28, 29, 30, 31, 32, 33, 34, 35, 36, 37, 38, 39))": 1.0,
        "MAX": [],
        "RANDOM": 0.0
      }
    }
  },
  "41": {
    "FF": {
      "1004": 1.0
    },
    "PF": {
      "1004": {
        "(64, (0, 1, 2, 3, 4, 5, 6, 7, 8, 9, 10, 11, 12, 13, 14, 15, 16, 17, 18, 19, 20, 21, 22, 23, 24, 25, 26, 27, 28, 29, 30, 31, 32, 33, 34, 35, 36, 37, 38, 39, 40))": 1.0,
        "MAX": [],
        "RANDOM": 0.0
      }
    }
  },
  "42": {
    "FF": {
      "1004": 1.0
    },
    "PF": {
      "1004": {
        "(64, (0, 1, 2, 3, 4, 5, 6, 7, 8, 9, 10, 11, 12, 13, 14, 15, 16, 17, 18, 19, 20, 21, 22, 23, 24, 25, 26, 27, 28, 29, 30, 31, 32, 33, 34, 35, 36, 37, 38, 39, 40, 41))": 1.0,
        "MAX": [],
        "RANDOM": 0.0
      }
    }
  },
  "45": {
    "FF": {
      "1004": 1.0
    },
    "PF": {
      "1004": {
        "(64, (0, 1, 2, 3, 4, 5, 6, 7, 8, 9, 10, 11, 12, 13, 14, 16, 17, 18, 19, 20, 21, 22, 23, 24, 25, 26, 27, 28, 29, 30, 32, 33, 34, 35, 36, 37, 38, 39, 40, 41, 42, 43, 44, 45, 46))": 1.0,
        "MAX": [],
        "RANDOM": 0.0
      }
    }
  },
  "59": {
    "FF": {
      "1004": 1.0
    },
    "PF": {
      "1004": {
        "(64, (0, 1, 2, 3, 4, 5, 6, 7, 8, 9, 10, 11, 13, 14, 15, 16, 17, 18, 19, 20, 21, 22, 23, 24, 26, 27, 28, 29, 30, 31, 32, 33, 34, 35, 36, 37, 39, 40, 41, 42, 43, 44, 45, 46, 47, 48, 49, 50, 52, 53, 54, 55, 56, 57, 58, 59, 60, 61, 62))": 1.0,
        "MAX": [],
        "RANDOM": 0.0
      }
    }
  },
  "60": {
    "FF": {
      "1004": 1.0
    },
    "PF": {
      "1004": {
        "(64, (0, 1, 2, 3, 4, 5, 6, 7, 8, 9, 10, 11, 12, 13, 14, 16, 17, 18, 19, 20, 21, 22, 23, 24, 25, 26, 27, 28, 29, 30, 32, 33, 34, 35, 36, 37, 38, 39, 40, 41, 42, 43, 44, 45, 46, 48, 49, 50, 51, 52, 53, 54, 55, 56, 57, 58, 59, 60, 61, 62))": 0.8461538461538461,
        "(64, (0, 1, 2, 3, 4, 5, 6, 7, 8, 9, 10, 11, 13, 14, 15, 16, 17, 18, 19, 20, 21, 22, 23, 24, 26, 27, 28, 29, 30, 31, 32, 33, 34, 35, 36, 37, 39, 40, 41, 42, 43, 44, 45, 46, 47, 48, 49, 50, 52, 53, 54, 55, 56, 57, 58, 59, 60, 61, 62, 63))": 0.15384615384615385,
        "MAX": [],
        "RANDOM": 0.0
      }
    }
  },
  "61": {
    "FF": {
      "1004": 1.0
    },
    "PF": {
      "1004": {
        "(64, (0, 1, 2, 3, 4, 5, 6, 8, 9, 10, 11, 12, 13, 14, 15, 16, 17, 18, 19, 20, 21, 22, 23, 24, 25, 26, 27, 28, 29, 30, 32, 33, 34, 35, 36, 37, 38, 39, 40, 41, 42, 43, 44, 45, 46, 47, 48, 49, 50, 51, 52, 53, 54, 56, 57, 58, 59, 60, 61, 62, 63))": 0.4,
        "(64, (0, 1, 2, 3, 4, 5, 6, 7, 8, 9, 10, 11, 12, 13, 14, 16, 17, 18, 19, 20, 21, 22, 23, 24, 25, 26, 27, 28, 29, 30, 31, 32, 33, 34, 35, 36, 37, 38, 40, 41, 42, 43, 44, 45, 46, 47, 48, 49, 50, 51, 52, 53, 54, 55, 56, 57, 58, 59, 60, 61, 62))": 0.4,
        "(64, (0, 1, 2, 3, 4, 5, 6, 7, 8, 9, 10, 11, 12, 13, 14, 15, 16, 17, 18, 19, 20, 21, 22, 24, 25, 26, 27, 28, 29, 30, 31, 32, 33, 34, 35, 36, 37, 38, 39, 40, 41, 42, 43, 44, 45, 46, 48, 49, 50, 51, 52, 53, 54, 55, 56, 57, 58, 59, 60, 61, 62))": 0.2,
        "MAX": [],
        "RANDOM": 0.0
      }
    }
  },
  "62": {
    "FF": {
      "1004": 1.0
    },
    "PF": {
      "1004": {
        "(64, (0, 1, 2, 3, 4, 5, 6, 7, 8, 9, 10, 11, 12, 13, 14, 15, 16, 17, 18, 19, 20, 21, 22, 24, 25, 26, 27, 28, 29, 30, 31, 32, 33, 34, 35, 36, 37, 38, 39, 40, 41, 42, 43, 44, 45, 46, 48, 49, 50, 51, 52, 53, 54, 55, 56, 57, 58, 59, 60, 61, 62, 63))": 0.6666666666666666,
        "(64, (0, 1, 2, 3, 4, 5, 6, 7, 8, 9, 10, 11, 12, 13, 14, 15, 17, 18, 19, 20, 21, 22, 23, 24, 25, 26, 27, 28, 29, 30, 31, 32, 33, 34, 35, 36, 37, 38, 39, 41, 42, 43, 44, 45, 46, 47, 48, 49, 50, 51, 52, 53, 54, 55, 56, 57, 58, 59, 60, 61, 62, 63))": 0.3333333333333333,
        "MAX": [],
        "RANDOM": 0.0
      }
    }
  },