{
  "32": [
    311,
    0.17966493356441363
  ],
  "15": [
    158,
    0.09127671865973426
  ],
  "17": [
    143,
    0.08261120739456962
  ],
  "16": [
    143,
    0.08261120739456962
  ],
  "14": [
    136,
    0.07856730213749277
  ],
  "18": [
    129,
    0.07452339688041594
  ],
  "19": [
    110,
    0.0635470826112074
  ],
  "13": [
    105,
    0.060658578856152515
  ],
  "31": [
    97,
    0.0560369728480647
  ],
  "20": [
    92,
    0.05314846909300982
  ],
  "30": [
    69,
    0.03986135181975736
  ],
  "12": [
    60,
    0.03466204506065858
  ],
  "21": [
    43,
    0.02484113229347198
  ],
  "11": [
    34,
    0.019641825534373193
  ],
  "10": [
    21,
    0.012131715771230503
  ],
  "22": [
    20,
    0.011554015020219527
  ],
  "23": [
    13,
    0.007510109763142692
  ],
  "29": [
    8,
    0.00462160600808781
  ],
  "25": [
    5,
    0.0028885037550548816
  ],
  "28": [
    5,
    0.0028885037550548816
  ],
  "6": [
    5,
    0.0028885037550548816
  ],
  "9": [
    4,
    0.002310803004043905
  ],
  "24": [
    4,
    0.002310803004043905
  ],
  "8": [
    3,
    0.0017331022530329288
  ],
  "27": [
    3,
    0.0017331022530329288
  ],
  "26": [
    3,
    0.0017331022530329288
  ],
  "5": [
    3,
    0.0017331022530329288
  ],
  "7": [
    2,
    0.0011554015020219526
  ],
  "36": [
    1,
    0.0005777007510109763
  ],
  "33": [
    1,
    0.0005777007510109763
  ]
}