{
    "1": {"RANDOM": 1},
    "2": {
        "FF": {"0": 0.4417910447761194, "2": 0.5582089552238806},
        "PF": {
            "0": {"(0, 2)": 0.08783783783783784, "(0, 8)": 0.08108108108108109, "(0, 4)": 0.05067567567567568, "RANDOM": 0.7804054054054054, "MAX": "5745"},
            "2": {
                "(0, 64)": 0.11497326203208556,
                "(0, 256)": 0.07754010695187166,
                "(0, 8)": 0.07219251336898395,
                "(0, 4)": 0.09893048128342247,
                "(0, 1)": 0.08288770053475936,
                "(0, 16)": 0.09090909090909091,
                "(0, 32)": 0.10695187165775401,
                "(0, 128)": 0.0855614973262032,
                "(0, 2)": 0.07754010695187166,
                "RANDOM": 0.1925133689839572,
                "MAX": "448"
            }
        }
    },
    "4": {"FF": {"2": 1}, "PF": {"2": {"(0, 160, 320, 480)": 1, "RANDOM": 0, "MAX": 0}}}
}