{"1": [5927, "0.91906"], "2": [522, "0.08094"]}