{"2": [669, "0.11568"], "1": [5114, "0.88432"]}