{
    "1": {"RANDOM": 1},
    "2": {
        "FF": {"0": 0.026905829596412557, "5": 0.3423019431988042, "8": 0.6307922272047832},
        "PF": {
            "0": {"(0, 1)": 1, "RANDOM": 0, "MAX": 0},
            "5": {
                "(0, 8)": 0.13100436681222707,
                "(0, 16)": 0.06986899563318777,
                "(0, 1)": 0.13100436681222707,
                "(0, 4)": 0.17467248908296942,
                "(0, 2)": 0.17467248908296942,
                "RANDOM": 0.3187772925764193,
                "MAX": "31"
            },
            "8": {"(0, 32)": 0.1018957345971564, "(0, 128)": 0.08293838862559241, "(0, 256)": 0.061611374407582936, "RANDOM": 0.7535545023696683, "MAX": "16155"}
        }
    }
}