{
  "16": [
    2193,
    0.7614583333333333
  ],
  "64": [
    234,
    0.08125
  ],
  "15": [
    111,
    0.03854166666666667
  ],
  "48": [
    89,
    0.03090277777777778
  ],
  "14": [
    54,
    0.01875
  ],
  "5": [
    27,
    0.009375
  ],
  "10": [
    27,
    0.009375
  ],
  "11": [
    21,
    0.007291666666666667
  ],
  "8": [
    17,
    0.005902777777777778
  ],
  "2": [
    13,
    0.0045138888888888885
  ],
  "9": [
    12,
    0.004166666666666667
  ],
  "63": [
    11,
    0.0038194444444444443
  ],
  "4": [
    11,
    0.0038194444444444443
  ],
  "49": [
    11,
    0.0038194444444444443
  ],
  "7": [
    10,
    0.003472222222222222
  ],
  "13": [
    9,
    0.003125
  ],
  "60": [
    7,
    0.0024305555555555556
  ],
  "1": [
    6,
    0.0020833333333333333
  ],
  "3": [
    5,
    0.001736111111111111
  ],
  "59": [
    2,
    0.0006944444444444445
  ],
  "20": [
    2,
    0.0006944444444444445
  ],
  "40": [
    2,
    0.0006944444444444445
  ],
  "47": [
    1,
    0.00034722222222222224
  ],
  "45": [
    1,
    0.00034722222222222224
  ],
  "62": [
    1,
    0.00034722222222222224
  ],
  "42": [
    1,
    0.00034722222222222224
  ],
  "6": [
    1,
    0.00034722222222222224
  ],
  "43": [
    1,
    0.00034722222222222224
  ]
}