{
    "1": {"RANDOM": 1},
    "2": {
        "FF": {"0": 0.13219616204690832, "5": 0.48187633262260127, "8": 0.3859275053304904},
        "PF": {
            "0": {
                "(0, 32)": 0.1935483870967742,
                "(0, 8)": 0.20967741935483872,
                "(0, 16)": 0.14516129032258066,
                "(0, 4)": 0.06451612903225806,
                "(0, 2)": 0.12903225806451613,
                "(0, 1)": 0.20967741935483872,
                "RANDOM": 0.048387096774193616,
                "MAX": "64"
            },
            "5": {
                "(0, 16)": 0.10619469026548672,
                "(0, 2)": 0.11504424778761062,
                "(0, 1)": 0.07079646017699115,
                "(0, 8)": 0.07964601769911504,
                "(0, 64)": 0.07964601769911504,
                "(0, 4)": 0.07964601769911504,
                "(0, 128)": 0.05309734513274336,
                "(0, 32)": 0.084070796460177,
                "RANDOM": 0.331858407079646,
                "MAX": "256"
            },
            "8": {"(0, 256)": 0.0718232044198895, "(0, 128)": 0.09944751381215469, "(0, 64)": 0.07734806629834254, "RANDOM": 0.7513812154696132, "MAX": "162154"}
        }
    }
}