{"1": [4088, "0.89708"], "2": [469, "0.10292"]}