{"2": [802, "0.15483"], "1": [4376, "0.84479"], "3": [2, "0.00039"]}