{
    "1": {"RANDOM": 1},
    "2": {
        "FF": {"0": 0.09850374064837905, "1": 0.0012468827930174563, "2": 0.048628428927680795, "3": 0.19077306733167082, "5": 0.30673316708229426, "8": 0.3541147132169576},
        "PF": {
            "0": {
                "(0, 16)": 0.1518987341772152,
                "(0, 32)": 0.22784810126582278,
                "(0, 4)": 0.16455696202531644,
                "(0, 2)": 0.17721518987341772,
                "(0, 8)": 0.10126582278481013,
                "(0, 1)": 0.12658227848101267,
                "RANDOM": 0.050632911392405,
                "MAX": "40"
            },
            "1": {"(0, 1)": 1, "RANDOM": 0, "MAX": 0},
            "2": {"(0, 2)": 0.41025641025641024, "(0, 1)": 0.4358974358974359, "(0, 4)": 0.15384615384615385, "RANDOM": 0, "MAX": 0},
            "3": {"(0, 64)": 0.12418300653594772, "(0, 256)": 0.1437908496732026, "(0, 128)": 0.1568627450980392, "RANDOM": 0.5751633986928104, "MAX": "2596"},
            "5": {
                "(0, 128)": 0.12601626016260162,
                "(0, 16)": 0.09349593495934959,
                "(0, 512)": 0.052845528455284556,
                "(0, 64)": 0.08130081300813008,
                "(0, 8)": 0.08943089430894309,
                "(0, 32)": 0.0975609756097561,
                "(0, 1024)": 0.07317073170731707,
                "(0, 4)": 0.056910569105691054,
                "(0, 256)": 0.1016260162601626,
                "RANDOM": 0.22764227642276436,
                "MAX": "1107"
            },
            "8": {"RANDOM": 1, "MAX": "684192"}
        }
    },
    "3": {"FF": {"5": 1}, "PF": {"5": {"(0, 328, 656)": 0.5, "(0, 328, 984)": 0.5, "RANDOM": 0, "MAX": 0}}}
}