{
  "1": [
    18,
    0.0037476577139287947
  ],
  "2": [
    47,
    0.009785550697480742
  ],
  "3": [
    2,
    0.00041640641265875496
  ],
  "4": [
    10,
    0.002082032063293775
  ],
  "6": [
    3,
    0.0006246096189881324
  ],
  "7": [
    18,
    0.0037476577139287947
  ],
  "8": [
    122,
    0.02540079117218405
  ],
  "13": [
    2,
    0.00041640641265875496
  ],
  "14": [
    8,
    0.0016656256506350198
  ],
  "15": [
    2,
    0.00041640641265875496
  ],
  "16": [
    321,
    0.06683322923173017
  ],
  "17": [
    22,
    0.004580470539246304
  ],
  "18": [
    15,
    0.003123048094940662
  ],
  "19": [
    27,
    0.005621486570893191
  ],
  "20": [
    11,
    0.002290235269623152
  ],
  "21": [
    144,
    0.029981261711430358
  ],
  "22": [
    270,
    0.056214865708931916
  ],
  "23": [
    47,
    0.009785550697480742
  ],
  "24": [
    50,
    0.010410160316468874
  ],
  "25": [
    108,
    0.022485946283572766
  ],
  "26": [
    391,
    0.08140745367478659
  ],
  "27": [
    234,
    0.04871955028107433
  ],
  "28": [
    66,
    0.013741411617738912
  ],
  "29": [
    395,
    0.0822402665001041
  ],
  "30": [
    489,
    0.10181136789506559
  ],
  "31": [
    18,
    0.0037476577139287947
  ],
  "32": [
    992,
    0.20653758067874245
  ],
  "33": [
    1,
    0.00020820320632937748
  ],
  "35": [
    3,
    0.0006246096189881324
  ],
  "37": [
    1,
    0.00020820320632937748
  ],
  "38": [
    1,
    0.00020820320632937748
  ],
  "41": [
    1,
    0.00020820320632937748
  ],
  "42": [
    5,
    0.0010410160316468874
  ],
  "45": [
    1,
    0.00020820320632937748
  ],
  "48": [
    2,
    0.00041640641265875496
  ],
  "49": [
    14,
    0.0029148448886112846
  ],
  "50": [
    9,
    0.0018738288569643974
  ],
  "51": [
    1,
    0.00020820320632937748
  ],
  "53": [
    2,
    0.00041640641265875496
  ],
  "55": [
    4,
    0.0008328128253175099
  ],
  "56": [
    149,
    0.031022277743077243
  ],
  "58": [
    1,
    0.00020820320632937748
  ],
  "59": [
    4,
    0.0008328128253175099
  ],
  "60": [
    10,
    0.002082032063293775
  ],
  "63": [
    7,
    0.0014574224443056423
  ],
  "64": [
    6,
    0.0012492192379762648
  ],
  "72": [
    1,
    0.00020820320632937748
  ],
  "79": [
    1,
    0.00020820320632937748
  ],
  "82": [
    4,
    0.0008328128253175099
  ],
  "90": [
    1,
    0.00020820320632937748
  ],
  "96": [
    3,
    0.0006246096189881324
  ],
  "101": [
    1,
    0.00020820320632937748
  ],
  "105": [
    1,
    0.00020820320632937748
  ],
  "107": [
    1,
    0.00020820320632937748
  ],
  "108": [
    2,
    0.00041640641265875496
  ],
  "111": [
    1,
    0.00020820320632937748
  ],
  "112": [
    2,
    0.00041640641265875496
  ],
  "117": [
    1,
    0.00020820320632937748
  ],
  "118": [
    6,
    0.0012492192379762648
  ],
  "119": [
    3,
    0.0006246096189881324
  ],
  "120": [
    7,
    0.0014574224443056423
  ],
  "125": [
    1,
    0.00020820320632937748
  ],
  "126": [
    15,
    0.003123048094940662
  ],
  "127": [
    4,
    0.0008328128253175099
  ],
  "128": [
    93,
    0.019362898188632106
  ],
  "133": [
    2,
    0.00041640641265875496
  ],
  "139": [
    1,
    0.00020820320632937748
  ],
  "143": [
    1,
    0.00020820320632937748
  ],
  "144": [
    4,
    0.0008328128253175099
  ],
  "147": [
    3,
    0.0006246096189881324
  ],
  "154": [
    5,
    0.0010410160316468874
  ],
  "164": [
    1,
    0.00020820320632937748
  ],
  "175": [
    3,
    0.0006246096189881324
  ],
  "180": [
    5,
    0.0010410160316468874
  ],
  "182": [
    7,
    0.0014574224443056423
  ],
  "189": [
    1,
    0.00020820320632937748
  ],
  "192": [
    3,
    0.0006246096189881324
  ],
  "196": [
    2,
    0.00041640641265875496
  ],
  "201": [
    1,
    0.00020820320632937748
  ],
  "203": [
    11,
    0.002290235269623152
  ],
  "205": [
    1,
    0.00020820320632937748
  ],
  "207": [
    1,
    0.00020820320632937748
  ],
  "208": [
    3,
    0.0006246096189881324
  ],
  "209": [
    7,
    0.0014574224443056423
  ],
  "210": [
    37,
    0.007703518634186966
  ],
  "212": [
    1,
    0.00020820320632937748
  ],
  "213": [
    1,
    0.00020820320632937748
  ],
  "215": [
    1,
    0.00020820320632937748
  ],
  "216": [
    1,
    0.00020820320632937748
  ],
  "217": [
    23,
    0.004788673745575682
  ],
  "220": [
    2,
    0.00041640641265875496
  ],
  "221": [
    1,
    0.00020820320632937748
  ],
  "222": [
    3,
    0.0006246096189881324
  ],
  "223": [
    8,
    0.0016656256506350198
  ],
  "224": [
    177,
    0.03685196752029981
  ],
  "238": [
    1,
    0.00020820320632937748
  ],
  "239": [
    1,
    0.00020820320632937748
  ],
  "240": [
    13,
    0.0027066416822819073
  ],
  "249": [
    1,
    0.00020820320632937748
  ],
  "252": [
    18,
    0.0037476577139287947
  ],
  "253": [
    1,
    0.00020820320632937748
  ],
  "254": [
    2,
    0.00041640641265875496
  ],
  "255": [
    1,
    0.00020820320632937748
  ],
  "256": [
    40,
    0.0083281282531751
  ],
  "272": [
    1,
    0.00020820320632937748
  ],
  "448": [
    3,
    0.0006246096189881324
  ],
  "465": [
    1,
    0.00020820320632937748
  ],
  "468": [
    1,
    0.00020820320632937748
  ],
  "472": [
    1,
    0.00020820320632937748
  ],
  "474": [
    2,
    0.00041640641265875496
  ],
  "478": [
    5,
    0.0010410160316468874
  ],
  "479": [
    3,
    0.0006246096189881324
  ],
  "480": [
    30,
    0.006246096189881324
  ],
  "489": [
    1,
    0.00020820320632937748
  ],
  "494": [
    1,
    0.00020820320632937748
  ],
  "495": [
    1,
    0.00020820320632937748
  ],
  "496": [
    16,
    0.0033312513012700396
  ],
  "500": [
    1,
    0.00020820320632937748
  ],
  "503": [
    1,
    0.00020820320632937748
  ],
  "506": [
    2,
    0.00041640641265875496
  ],
  "507": [
    3,
    0.0006246096189881324
  ],
  "508": [
    2,
    0.00041640641265875496
  ],
  "509": [
    2,
    0.00041640641265875496
  ],
  "510": [
    8,
    0.0016656256506350198
  ],
  "511": [
    17,
    0.003539454507599417
  ],
  "512": [
    104,
    0.021653133458255258
  ]
}