{
    "1": {"RANDOM": 1},
    "2": {
        "FF": {"0": 0.06513409961685823, "5": 0.524904214559387, "8": 0.4099616858237548},
        "PF": {
            "0": {"(0, 1)": 1, "RANDOM": 0, "MAX": 0},
            "5": {
                "(0, 1)": 0.10583941605839416,
                "(0, 16)": 0.12408759124087591,
                "(0, 4)": 0.145985401459854,
                "(0, 8)": 0.10583941605839416,
                "(0, 2)": 0.0948905109489051,
                "RANDOM": 0.4233576642335767,
                "MAX": "31"
            },
            "8": {
                "(0, 128)": 0.14953271028037382,
                "(0, 256)": 0.17757009345794392,
                "(0, 32)": 0.0794392523364486,
                "(0, 64)": 0.17757009345794392,
                "(0, 2)": 0.11682242990654206,
                "(0, 8)": 0.14485981308411214,
                "RANDOM": 0.1542056074766356,
                "MAX": "15286"
            }
        }
    }
}